<?xml version="1.0" encoding="ISO-8859-1" standalone="no"?>
<!-- ===================================================================== -->
<!--                                                                       -->
<!-- behavior-objHighlight-BE-05.xml                                       -->
<!--                                                                       -->
<!-- This is the XML description for WebCGM Test Case                      -->
<!--         behavior-objHighlight-BE-05.                                  -->
<!--                                                                       -->
<!-- Author : Lofton Henderson, 24-May-2001                                -->
<!--                                                                       -->
<!-- History:                                                              -->
<!--  13-Mar-2006 - LH: revised for WebCGM 2.0.                            -->
<!--  24-May-2001 - LH: created.                                           -->
<!--                                                                       -->
<!-- ===================================================================== -->
<CGMTestCase category="behavior" focus="objHighlight" rootType="html" testType="BE" BENumber="05">

<!-- For BE-01, 'Previous' elt. should target different category/focus -->
<!-- For BE-last, 'Next' elt. should target different category/focus -->

  
   <Previous category="behavior" focus="picTargetC2H" BENumber="04"/>
  
   <Next category="behavior" focus="objHighlightAll" BENumber="06"/>
  
   <Parent category="toc"/>
  
   <Child testType="DT" DTNumber="01"/>

  <!-- Source and destination files -->
  <!-- Default content mode: suffix for TC name -->
  
   <fileSet>
    
      <srcFile cgmType="">.html</srcFile>
    
      <dstFile cgmType="two-cyl">-target.cgm</dstFile>
  
   </fileSet>

  
   <TestPurpose>Test that [WebCGM 2.0] viewer correctly maps the 
[WebCGM 1.0] "highlight"
object behavior, on a basic HTML-to-CGM link.</TestPurpose>
  
   <Traceability>
      <TestAssertions taFile="">
         <ta-id>objbehav-highlight</ta-id>
         <ta-id>picbehav-self-to-cgm</ta-id>
         <ta-id>picseqno-is-pic-seqno</ta-id>
         <ta-id>objid-aps-id-param</ta-id>
      </TestAssertions>
      <SpecLink>...xpath or addressable anchor...</SpecLink>
      <TestRequirement>...excerpt, the "TR"...</TestRequirement>
   </Traceability>...xpath or addressable anchor...
  

  <OperatorScript>
    
      <Paragraph> 
This is a WebCGM 2.0 test that verifies normative 2.0 viewer handling 
of the 'highlight' object behavior keyword of WebCGM 1.0.
      </Paragraph>
    
      <Paragraph>
At the start of the test, the right-hand frame should display 
some HTML text containing a string, "Click to select and highlight
a WebCGM object."  
The hyperlink on the HTML text points to a local WebCGM
instance, that contains one simple picture
with drawings of a pair of cylinder objects,
drawn in black on a white background, with APS Id parameters
"leftCylinder" and "rightCylinder".
    </Paragraph>
    
      <Paragraph>
The hyperlink in the source HTML text contains a fragment which selects
"rightCylinder" by Id, and specifies the object behavior "highlight" -- 
upon execution of the hyperlink, the selected object shall be
highlighted.  The exact method of highlighting is viewer dependent.
    </Paragraph>
    
      <Paragraph>
The initial view in the left-hand frame is a PNG reference image of one 
correct rendering of how the target WebCGM instance should appear in the 
right-hand frame after activating the link in the HTML source instance.  
There should be no significant visual deviation between the reference 
image of the left frame and the view in the right frame after link activation,
except for the method of object highlighting.  The reference image shows
one valid method -- the border is outlined in red.  Any other visual
highlighting method -- e.g., changing the color of the whole object -- 
is equally acceptable.
    </Paragraph>
    
      <Paragraph>
You should be able to use the browser "Back" and "Forward" buttons to go 
back and forth between the target WebCGM picture the source HTML text
in the right-hand frame.
Note, however, that this latter normal browser behavior is not part of the WebCGM
standard, and it is not a pass/fail criterion for WebCGM viewers for this test.
    </Paragraph>
  
   </OperatorScript>


</CGMTestCase>
