<?xml version="1.0" encoding="ISO-8859-1" standalone="no"?><!-- ===================================================================== --><!--                                                                       --><!-- behavior-picBlankC2C-BE-01.xml                                        --><!--                                                                       --><!-- This is the XML description for WebCGM Test Case                      --><!--         behavior-picBlankC2C-BE-01.                                   --><!--                                                                       --><!-- Author : Lofton Henderson, 23-May-2001                                --><!--                                                                       --><!-- History:                                                              --><!--  23-May-2001 - LH: created.                                           --><!--                                                                       --><!-- ===================================================================== -->
<CGMTestCase category="behavior" focus="picBlankC2C" rootType="cgm" testType="BE" BENumber="01">

<!-- For BE-01, 'Previous' elt. should target different category/focus -->
<!-- For BE-last, 'Next' elt. should target different category/focus -->

  
   <Previous category="linking" focus="multiLink" BENumber="08"/>
  
   <Next category="behavior" focus="picReplaceC2C" BENumber="02"/>
  
   <Parent category="toc"/>
  
   <Child testType="DT" DTNumber="01"/>

  <!-- Source and destination files -->
  <!-- Default content mode: suffix for TC name -->
  
   <fileSet>
    
      <srcFile cgmType="3-shape">.cgm</srcFile>
    
      <dstFile cgmType="two-cyl">-target.cgm</dstFile>
  
   </fileSet>

  
   <TestPurpose>Test viewer capability to recognize and effect picture behavior 
request on a basic CGM-to-CGM link, for picture behavior "_blank".</TestPurpose>
  
   <Traceability>
      <TestAssertions taFile="">
         <ta-id>picbehav-blank-to-cgm</ta-id>
         <ta-id>objbehav-default</ta-id>
      </TestAssertions>
      <SpecLink>...xpath or addressable anchor...</SpecLink>
      <TestRequirement>...excerpt, the "TR"...</TestRequirement>
   </Traceability>...xpath or addressable anchor...
  

  <OperatorScript>
    
    
      <Paragraph>
At the start of the test, the right-hand frame should display
a WebCGM instance containing a simple picture
with three objects:  a magenta rectangle, a cyan circle, 
and a red triangle, all with thick black borders.
The red triangle object (APS) contains a hyperlink 
to another local, one-picture WebCGM instance,
that contains a drawing of a pair of cylinders.  
The hyperlink is a 'linkuri' APS attribute, and the picture 
behavior "_blank" is contained on a "#" fragment
on the URI parameter.
No object selection or object behavior parameters are
associated with the 'linkuri'.
    </Paragraph>
    
      <Paragraph>
A mouse click anywhere over the red triangle (labelled "third object")
should cause the hyperlink to be executed.  This should result in a 
new window being opened and the entire target WebCGM picture to be displayed
in the new window.  Details of the size of the new window, and of the
target WebCGM picture, are unspecified in WebCGM 1.0.
    </Paragraph>
    
      <Paragraph>
The initial view in the left-hand frame is a PNG reference image of
the target WebCGM picture that should appear in the new window, 
that is opened upon execution of the link.
    </Paragraph>
  
   </OperatorScript>


</CGMTestCase>
