<?xml version="1.0" encoding="ISO-8859-1" standalone="no"?>
<!-- ===================================================================== -->
<!--                                                                       -->
<!-- behavior-objHighlightAll-BE-06.xml                                    -->
<!--                                                                       -->
<!-- This is the XML description for WebCGM Test Case                      -->
<!--         behavior-objHighlightAll-BE-06.                               -->
<!--                                                                       -->
<!-- Author : Lofton Henderson, 24-May-2001                                -->
<!--                                                                       -->
<!-- History:                                                              -->
<!--  13-Mar-2006 - LH: revised for WebCGM 2.0.                            -->
<!--  24-May-2001 - LH: created.                                           -->
<!--                                                                       -->
<!-- ===================================================================== -->
<CGMTestCase category="behavior" focus="objHighlightAll" rootType="html" testType="BE" BENumber="06">

<!-- For BE-01, 'Previous' elt. should target different category/focus -->
<!-- For BE-last, 'Next' elt. should target different category/focus -->

  
   <Previous category="behavior" focus="objHighlight" BENumber="05"/>
  
   <Next category="behavior" focus="objViewContext" BENumber="07"/>
  
   <Parent category="toc"/>
  
   <Child testType="DT" DTNumber="01"/>

  <!-- Source and destination files -->
  <!-- Default content mode: suffix for TC name -->
  
   <fileSet>
    
      <srcFile cgmType="">.html</srcFile>
    
      <dstFile cgmType="four-cyl">-target.cgm</dstFile>
  
   </fileSet>

  
   <TestPurpose>Test that [WebCGM 2.0] viewer correctly maps the 
[WebCGM 1.0] "highlight_all"
object behavior, on a basic HTML-to-CGM link.</TestPurpose>
  
   <Traceability>
      <TestAssertions taFile="">
         <ta-id>objbehav-highlight-all</ta-id>
         <ta-id>picbehav-self-to-cgm</ta-id>
         <ta-id>picseqno-is-pic-seqno</ta-id>
         <ta-id>objid-apsattr-name</ta-id>
      </TestAssertions>
      <SpecLink>...xpath or addressable anchor...</SpecLink>
      <TestRequirement>...excerpt, the "TR"...</TestRequirement>
   </Traceability>...xpath or addressable anchor...
  

  <OperatorScript>
    
      <Paragraph> 
This is a WebCGM 2.0 test that verifies normative 2.0 viewer handling 
of the 'highlight' object behavior keyword of WebCGM 1.0.
      </Paragraph>
    
      <Paragraph>
At the start of the test, the right-hand frame should display 
some HTML text containing a string, "Click to select multiple
WebCGM objects and highlight all."
The hyperlink on the HTML text points to a local WebCGM
instance, that contains drawings of four cylinders objects,
drawn in black on a white background.
Two of the objects have 'name' APS attributes with value 
"smallCylinders", and the other two have 'name' APS attributes
with value "bigCylinders".
    </Paragraph>
    
      <Paragraph>
The hyperlink in the source HTML text contains a fragment which selects
"smallCylinders" by name, and specifies the object behavior "highlight_all" -- 
upon execution of the hyperlink, the selected objects shall all be
highlighted.  The exact method of highlighting is viewer dependent.
    </Paragraph>
    
      <Paragraph>
The initial view in the left-hand frame is a PNG reference image of one 
correct rendering of how the target WebCGM instance should appear in the 
right-hand frame after activating the link in the HTML source instance.  
There should be no significant visual deviation between the reference 
image of the left frame and the view in the right frame after link activation,
except for the method of object highlighting.  The reference image shows
one valid method -- the border is outlined in red.  Any other visual
highlighting method -- e.g., changing the color of the whole object -- 
is equally acceptable.
    </Paragraph>
    
      <Paragraph>
You should be able to use the browser "Back" and "Forward" buttons to go 
back and forth between the target WebCGM picture the source HTML text
in the right-hand frame.
Note, however, that this latter normal browser behavior is not part of the WebCGM
standard, and it is not a pass/fail criterion for WebCGM viewers for this test.
    </Paragraph>
  
   </OperatorScript>


</CGMTestCase>
