<?xml version="1.0" encoding="ISO-8859-1" standalone="no"?><!-- ===================================================================== --><!--                                                                       --><!-- linking-basicH2C-BE-01.xml                                            --><!--                                                                       --><!-- This is the XML description for WebCGM Test Case                      --><!--         linking-basicH2C-BE-01.                                       --><!--                                                                       --><!-- Author : Lofton Henderson, 15-May-2001                                --><!--                                                                       --><!-- History:                                                              --><!--  15-May-2001 - LH: created.                                           --><!--                                                                       --><!-- ===================================================================== -->
<CGMTestCase category="linking" focus="basicH2C" rootType="html" testType="BE" BENumber="01">

<!-- For BE-01, 'Previous' elt. should target different category/focus -->
<!-- For BE-last, 'Next' elt. should target different category/focus -->

  
   <Previous category="linking" focus="basicH2C" BENumber="01"/>
  
   <Next category="linking" focus="basicC2H" BENumber="02"/>
  
   <Parent category="toc"/>
  
   <Child testType="DT" DTNumber="01"/>

  <!-- Source and destination files -->
  <!-- Default mode: suffix for TC name -->
  
   <fileSet>
    
      <srcFile>.html</srcFile>
    
      <dstFile cgmType="circ-rect">-target.cgm</dstFile>
  
   </fileSet>

  
   <TestPurpose>Test basic HTML-to-CGM link, from a HTML 'A' tag to a whole CGM,
with no behaviors or fragments.</TestPurpose>
  
   <Traceability>
      <TestAssertions taFile="">
         <ta-id>picbehav-self</ta-id>
      </TestAssertions>
      <SpecLink>...xpath or addressable anchor...</SpecLink>
      <TestRequirement>...excerpt, the "TR"...</TestRequirement>
   </Traceability>...xpath or addressable anchor...
  

  <OperatorScript>
    
    
      <Paragraph>
At the start of the test, the right-hand frame should contain some HTML
text, with a string "Click here to display WebCGM picture." having hyperlink highlighting.
Clicking that hyperlink should cause the contents of a referenced CGM
file to appear.  The CGM contains a simple picture with a green-filled square
on the left and a blue-filled circle on the right, both with thick
black borders.
    </Paragraph>
    
      <Paragraph>
Because there is no (HTML) TARGET behavior on the
hyperlink, the CGM picture will replace the HTML text in the right-hand
frame.  This is the standard HTML 4.0 behavior.  You should be able to use
the browser "Back" and "Forward" buttons to go back and forth between
the HTML view and the WebCGM view in the right-hand frame.
    </Paragraph>
    
      <Paragraph>
The initial view in the left-hand frame is a PNG reference image of the 
simple CGM file which should appear in the right-hand frame upon
activating the hyperlink.
    </Paragraph>
  
   </OperatorScript>


</CGMTestCase>
