<?xml version="1.0" encoding="ISO-8859-1" standalone="no"?>
<ta-extraction>
   <ta-category>
      <category-title>URI Fragment</category-title>
      <ta-set>
         <ta ta-id="picobj-addr-uri-fragment">
            <spec-refs>
               <spec-ref spec-link="REC-03-CGM-IC.html#webcgm_3_1_1_2">3.1.1.2.p2</spec-ref>
               <spec-ref spec-link="REC-03-CGM-IC.html#webcgm_3_1_1_2">3.1.1.2.p4</spec-ref>
            </spec-refs>
            <ta-statement>Picture and object (APS) addressing
within a WebCGM uses URI fragments: base URI, followed by "#",
followed by any legal fragment specification according to the
WebCGM fragment EBNF. [Note. This decomposes into a series
of full-syntax-support test requirements, dependent upon the
components and allowable variations of the EBNF. Later, specific
TRs should be considered to supersede this.]</ta-statement>
         </ta>
         <ta ta-id="ebnf-five-frag-forms">
            <spec-refs>
               <spec-ref spec-link="REC-03-CGM-IC.html#webcgm_3_1_1_2">3.1.1.2.ln1</spec-ref>
            </spec-refs>
            <ta-statement>[from EBNF] there are 5 fragment variations: picterm "."
objterm | picterm | objterm | picid "." objid | objid</ta-statement>
         </ta>
         <ta ta-id="ebnf-two-picterm-forms">
            <spec-refs>
               <spec-ref spec-link="REC-03-CGM-IC.html#webcgm_3_1_1_2">3.1.1.2.ln2</spec-ref>
            </spec-refs>
            <ta-statement>[from EBNF] there are 2 picterm picture-selection
variations: pictureid | pictsequence, respectively containing the
(string) id or (numeric) picture sequence number, plus an optional
picture behavior value.</ta-statement>
         </ta>
         <ta ta-id="ebnf-need-detailed-syntax">
            <spec-refs>
               <spec-ref spec-link="REC-03-CGM-IC.html#webcgm_3_1_1_2">3.1.1.2</spec-ref>
            </spec-refs>
            <ta-statement>[from EBNF] there is additional EBNF syntax description
for pictureid, pictsequence, ..., down to picid, which is not
yet extracted into these test assertions.</ta-statement>
         </ta>
         <ta ta-id="ebnf-six-picbehav-options">
            <spec-refs>
               <spec-ref spec-link="REC-03-CGM-IC.html#webcgm_3_1_1_2">3.1.1.2.ln5</spec-ref>
            </spec-refs>
            <ta-statement>[from EBNF] there are 6 picture behavior options: _blank |
_self | _parent | _replace | _top | target</ta-statement>
         </ta>
         <ta ta-id="ebnf-two-objterm-forms">
            <spec-refs>
               <spec-ref spec-link="REC-03-CGM-IC.html#webcgm_3_1_1_2">3.1.1.2.ln10</spec-ref>
            </spec-refs>
            <ta-statement>[from EBNF] there are 2 objterm object-selection
variations: objectid | objectname, respectively containing the
(string) APS 'id' parameter or (string) picture sequence number,
plus an optional object behavior value.</ta-statement>
         </ta>
         <ta ta-id="ebnf-three-objbehav-options">
            <spec-refs>
               <spec-ref spec-link="REC-03-CGM-IC.html#webcgm_3_1_1_2">3.1.1.2.ln13</spec-ref>
            </spec-refs>
            <ta-statement>[from EBNF] there are 3 object behavior options:
"view_context" | "highlight" | "highlight_all"</ta-statement>
         </ta>
         <ta ta-id="frag-char-repertiore">
            <spec-refs>
               <spec-ref spec-link="REC-03-CGM-IC.html#webcgm_3_1_1_3">3.1.1.3</spec-ref>
            </spec-refs>
            <ta-statement>[Need to extract new TAs from new 3.1.1.3.]</ta-statement>
         </ta>
         <ta ta-id="non-ascii-in-uri">
            <spec-refs>
               <spec-ref spec-link="REC-03-CGM-IC.html#webcgm_3_1_1_4">3.1.1.4.p2</spec-ref>
            </spec-refs>
            <ta-statement>A WebCGM processor shall interpret a non-ASCII character in a URI 
by representing the character in UTF-8 as one or more bytes, and then escaping 
these bytes with the URI escaping mechanism (i.e., by converting each byte 
to %HH, where HH is the hexadecimal notation of the byte value).</ta-statement>
         </ta>
         <ta ta-id="picid-is-begpic-id">
            <spec-refs>
               <spec-ref spec-link="REC-03-CGM-IC.html#webcgm_3_1_2_1">3.1.2.1.p1</spec-ref>
            </spec-refs>
            <ta-statement>picid option is id parameter in the BEGIN PICTURE element. If
the metafile does not contain a picture with matching id, the first
picture in the metafile is chosen.</ta-statement>
         </ta>
         <ta ta-id="picseqno-is-pic-seqno">
            <spec-refs>
               <spec-ref spec-link="REC-03-CGM-IC.html#webcgm_3_1_2_1">3.1.2.1.p2</spec-ref>
            </spec-refs>
            <ta-statement>picseqno option is the sequence number of the picture to be
viewed. "1" is the first picture, "2" is the second picture, etc.
</ta-statement>
         </ta>
         <ta ta-id="picseqno-exceeds">
            <spec-refs>
               <spec-ref spec-link="REC-03-CGM-IC.html#webcgm_3_1_2_1">3.1.2.1.p2.s3</spec-ref>
            </spec-refs>
            <ta-statement>If picseqno exceeds the number of pictures in the metafile, the
last picture is displayed</ta-statement>
         </ta>
         <ta ta-id="picbehav-keyword-or-frame">
            <spec-refs>
               <spec-ref spec-link="REC-03-CGM-IC.html#webcgm_3_1_2_2">3.1.2.2.p2</spec-ref>
            </spec-refs>
            <ta-statement>If the picture behavior is not one of the 5 reserved keywords
as defined in HTML 4.0, _blank | _self | _parent | _replace | _top,
then it shall be a valid Frame Target Name, which begin with
[A-Za-z].</ta-statement>
         </ta>
         <ta ta-id="picbehav-blank">
            <spec-refs>
               <spec-ref spec-link="REC-03-CGM-IC.html#webcgm_3_1_2_2">3.1.2.2.p4</spec-ref>
            </spec-refs>
            <ta-statement>[If picture behavior is _blank,] the viewer shall load the
designated content in a new, unnamed window.</ta-statement>
         </ta>
         <ta ta-id="picbehav-self">
            <spec-refs>
               <spec-ref spec-link="REC-03-CGM-IC.html#webcgm_3_1_2_2">3.1.2.2.p5</spec-ref>
            </spec-refs>
            <ta-statement>[If picture behavior is _self,] the viewer shall load the
content in the same frame as the one containing the content
that refers to this target.</ta-statement>
         </ta>
         <ta ta-id="picbehav-parent">
            <spec-refs>
               <spec-ref spec-link="REC-03-CGM-IC.html#webcgm_3_1_2_2">3.1.2.2.p6</spec-ref>
            </spec-refs>
            <ta-statement>[If picture behavior is _parent,] the viewer shall load the
content into the immediate FRAMESET parent of the current frame in
which the current content is displayed. This value is equivalent to
"_self" if the current frame has no parent.</ta-statement>
         </ta>
         <ta ta-id="picbehav-replace">
            <spec-refs>
               <spec-ref spec-link="REC-03-CGM-IC.html#webcgm_3_1_2_2">3.1.2.2.p7</spec-ref>
            </spec-refs>
            <ta-statement>[If picture behavior is _replace,] the viewer shall replace the
current CGM picture by the designated CGM picture in the same
rectangular area in the same frame as the picture which refers to
this target. Applicable only to CGM-to-CGM links [...]</ta-statement>
         </ta>
         <ta ta-id="picbehav-replace-default">
            <spec-refs>
               <spec-ref spec-link="REC-03-CGM-IC.html#webcgm_3_1_2_2">3.1.2.2.p7</spec-ref>
            </spec-refs>
            <ta-statement>this [_replace] is the default behavior for such [CGM-to-CGM] links. </ta-statement>
         </ta>
         <ta ta-id="picbehav-top">
            <spec-refs>
               <spec-ref spec-link="REC-03-CGM-IC.html#webcgm_3_1_2_2">3.1.2.2.p8</spec-ref>
            </spec-refs>
            <ta-statement>[If picture behavior is _top,] the viewer shall load the
content into the full, original window (thus canceling all other
frames). This value is equivalent to _self if the current frame has
no parent.</ta-statement>
         </ta>
         <ta ta-id="picbehav-frame">
            <spec-refs>
               <spec-ref spec-link="REC-03-CGM-IC.html#webcgm_3_1_2_2">3.1.2.2.p9.s1</spec-ref>
            </spec-refs>
            <ta-statement>If the picture behavior value is any valid name string other 
than the above reserved names, (it begins with an alphabetic character (a-zA-Z)),
remove the existing content (picture or document) from the frame whose
name matches the string and display the specified content in the
specified frame. 
</ta-statement>
         </ta>
         <ta ta-id="picbehav-frame-no">
            <spec-refs>
               <spec-ref spec-link="REC-03-CGM-IC.html#webcgm_3_1_2_2">3.1.2.2.p9.s2</spec-ref>
            </spec-refs>
            <ta-statement>[If the picture behavior value is a valid framename,]
If no frame exists by the specified name, the viewer shall 
load the designated content (picture or document) in a new
window with the specified name.
</ta-statement>
         </ta>
         <ta ta-id="picbehav-blank-to-html">
            <spec-refs>
               <spec-ref spec-link="REC-03-CGM-IC.html#webcgm_3_1_2_2">3.1.2.2.tbl.r1.c1</spec-ref>
            </spec-refs>
            <ta-statement>[If picture behavior is _blank,] The viewer shall load the designated
document in a new, unnamed window.</ta-statement>
         </ta>
         <ta ta-id="picbehav-blank-to-cgm">
            <spec-refs>
               <spec-ref spec-link="REC-03-CGM-IC.html#webcgm_3_1_2_2">3.1.2.2.tbl.r1.c2</spec-ref>
            </spec-refs>
            <ta-statement>[If picture behavior is _blank,] The viewer shall load the designated
picture in a new, unnamed window.</ta-statement>
         </ta>
         <ta ta-id="picbehav-self-to-html">
            <spec-refs>
               <spec-ref spec-link="REC-03-CGM-IC.html#webcgm_3_1_2_2">3.1.2.2.tbl.r2.c1</spec-ref>
            </spec-refs>
            <ta-statement>[If picture behavior is _self,] The viewer shall load the document in the
same frame as the one containing the CGM picture that refers to this target.</ta-statement>
         </ta>
         <ta ta-id="picbehav-self-to-cgm">
            <spec-refs>
               <spec-ref spec-link="REC-03-CGM-IC.html#webcgm_3_1_2_2">3.1.2.2.tbl.r2.c2</spec-ref>
            </spec-refs>
            <ta-statement>[If picture behavior is _self,] The viewer shall load the picture in the
same frame as the one containing the CGM picture that refers to this target.</ta-statement>
         </ta>
         <ta ta-id="picbehav-parent-to-html">
            <spec-refs>
               <spec-ref spec-link="REC-03-CGM-IC.html#webcgm_3_1_2_2">3.1.2.2.tbl.r3.c1</spec-ref>
            </spec-refs>
            <ta-statement>[If picture behavior is _parent,] the viewer shall load the
document into the immediate FRAMESET parent of the current frame in
which the current content is displayed. This value is equivalent to
"_self" if the current frame has no parent.</ta-statement>
         </ta>
         <ta ta-id="picbehav-parent-to-cgm">
            <spec-refs>
               <spec-ref spec-link="REC-03-CGM-IC.html#webcgm_3_1_2_2">3.1.2.2.tbl.r3.c2</spec-ref>
            </spec-refs>
            <ta-statement>[If picture behavior is _parent,] the viewer shall load the
picture into the immediate FRAMESET parent of the current frame in
which the current content is displayed. This value is equivalent to
"_self" if the current frame has no parent.</ta-statement>
         </ta>
         <ta ta-id="picbehav-replace-to-html">
            <spec-refs>
               <spec-ref spec-link="REC-03-CGM-IC.html#webcgm_3_1_2_2">3.1.2.2.tbl.r4.c1</spec-ref>
            </spec-refs>
            <ta-statement>[If picture behavior is _replace,] Not applicable. Default to_self.</ta-statement>
         </ta>
         <ta ta-id="picbehav-replace-to-cgm">
            <spec-refs>
               <spec-ref spec-link="REC-03-CGM-IC.html#webcgm_3_1_2_2">3.1.2.2.tbl.r4.c2</spec-ref>
            </spec-refs>
            <ta-statement>[If picture behavior is _replace,] The viewer shall replace the current picture by
the designated picture in the same rectangular area in the same frame or 
window as the picture which refers to this target. 
</ta-statement>
         </ta>
         <ta ta-id="picbehav-default-to-html">
            <spec-refs>
               <spec-ref spec-link="REC-03-CGM-IC.html#webcgm_3_1_2_2">3.1.2.2.tbl.r2.c1</spec-ref>
            </spec-refs>
            <ta-statement>[picture behavior _self,] This is the default behavior for CGM-to-HTML links.</ta-statement>
         </ta>
         <ta ta-id="picbehav-default-to-cgm">
            <spec-refs>
               <spec-ref spec-link="REC-03-CGM-IC.html#webcgm_3_1_2_2">3.1.2.2.tbl.r4.c2</spec-ref>
            </spec-refs>
            <ta-statement>[picture behavior _replace,] This is the default for CGM-to-CGM links.</ta-statement>
         </ta>
         <ta ta-id="picbehav-top-to-html">
            <spec-refs>
               <spec-ref spec-link="REC-03-CGM-IC.html#webcgm_3_1_2_2">3.1.2.2.tbl.r5.c1</spec-ref>
            </spec-refs>
            <ta-statement>[If picture behavior is _top,] The viewer shall load the document into
the full, original window (thus canceling all other frames). This value is 
equivalent to _self if the current frame has no parent.</ta-statement>
         </ta>
         <ta ta-id="picbehav-top-to-cgm">
            <spec-refs>
               <spec-ref spec-link="REC-03-CGM-IC.html#webcgm_3_1_2_2">3.1.2.2.tbl.r5.c2</spec-ref>
            </spec-refs>
            <ta-statement>[If picture behavior is _top,] The viewer shall load the picture into
the full, original window (thus canceling all other frames). This value is 
equivalent to _self if the current frame has no parent.</ta-statement>
         </ta>
         <ta ta-id="picbehav-frame-to-html">
            <spec-refs>
               <spec-ref spec-link="REC-03-CGM-IC.html#webcgm_3_1_2_2">3.1.2.2.tbl.r6.c1</spec-ref>
            </spec-refs>
            <ta-statement>[If picture behavior is valid framename target,] 
The viewer shall load the document into the frame identified 
by "target". If no matching frame can be found, the viewer shall 
load the designated content document in a new window with the
specified name. 
</ta-statement>
         </ta>
         <ta ta-id="picbehav-frame-to-cgm">
            <spec-refs>
               <spec-ref spec-link="REC-03-CGM-IC.html#webcgm_3_1_2_2">3.1.2.2.tbl.r6.c2</spec-ref>
            </spec-refs>
            <ta-statement>[If picture behavior is valid framename target,] 
The viewer shall load the picture into the frame identified 
by "target". If no matching frame can be found, the viewer shall 
load the designated content document in a new window with the
specified name. 
</ta-statement>
         </ta>
         <ta ta-id="picbehav-other">
            <spec-refs>
               <spec-ref spec-link="REC-03-CGM-IC.html#webcgm_3_1_2_2">3.1.2.2.p8</spec-ref>
            </spec-refs>
            <ta-statement>Link interactions between CGM and non-CGM mime 
types other than HTML follow the same rules as CGM and HTML interactions. 
</ta-statement>
         </ta>
         <ta ta-id="objid-aps-id-param">
            <spec-refs>
               <spec-ref spec-link="REC-03-CGM-IC.html#webcgm_3_1_2_3">3.1.2.3.p1</spec-ref>
            </spec-refs>
            <ta-statement>objid option is the id parameter of an APS element of type
'grobject', 'para' or 'subpara' to be selected. If no match is
found in the picture, no object is selected.</ta-statement>
         </ta>
         <ta ta-id="objname-apsattr-name">
            <spec-refs>
               <spec-ref spec-link="REC-03-CGM-IC.html#webcgm_3_1_2_3">3.1.2.3.p2.s1</spec-ref>
            </spec-refs>
            <ta-statement>objname option is the value of a 'name' APS attribute in an APS
element of type 'grobject', 'para', or 'subpara'. The first object
in the picture which contains a name attribute with a matching
value is selected.</ta-statement>
         </ta>
         <ta ta-id="objname-nomatch">
            <spec-refs>
               <spec-ref spec-link="REC-03-CGM-IC.html#webcgm_3_1_2_3">3.1.2.3.p2.s3</spec-ref>
            </spec-refs>
            <ta-statement>objname option is the value of a 'name' APS attribute in an APS
element of type 'grobject', 'para', or 'subpara'. If no match is
found in the picture, no grobject is selected.</ta-statement>
         </ta>
         <ta ta-id="objname-multimatch">
            <spec-refs>
               <spec-ref spec-link="REC-03-CGM-IC.html#webcgm_3_1_2_3">3.1.2.3.p2.s4</spec-ref>
            </spec-refs>
            <ta-statement>objname option is the value of a 'name' APS attribute in an APS
element of type 'grobject', 'para', or 'subpara'. If more than one
match is found in the picture the 'highlight_all' behavior can be
used to highlight all selected objects.</ta-statement>
         </ta>
         <ta ta-id="objbehav-viewcontext-vc">
            <spec-refs>
               <spec-ref spec-link="REC-03-CGM-IC.html#webcgm_3_1_2_4">3.1.2.4.p1.s1</spec-ref>
            </spec-refs>
            <ta-statement>If the objbehavior value is view_context, and if a
'ViewContext' attribute exists for a selected object APS, the
viewer shall display only the rectangular region of the picture
defined in the ViewContext attribute, and highlight the
object.</ta-statement>
         </ta>
         <ta ta-id="objbehav-viewcontext-novc">
            <spec-refs>
               <spec-ref spec-link="REC-03-CGM-IC.html#webcgm_3_1_2_4">3.1.2.4.p1.s2</spec-ref>
            </spec-refs>
            <ta-statement>If the objbehavior value is view_context, and if no
'ViewContext' attribute exists for a selected object APS, the
highlight behavior shall be implemented.</ta-statement>
         </ta>
         <ta ta-id="objbehav-default">
            <spec-refs>
               <spec-ref spec-link="REC-03-CGM-IC.html#webcgm_3_1_2_4">3.1.2.4.p1.s3</spec-ref>
            </spec-refs>
            <ta-statement>highlight is the default object behavior that viewers shall use
in the absence of explicit object behavior specification in the
fragment</ta-statement>
         </ta>
         <ta ta-id="objbehav-highlight">
            <spec-refs>
               <spec-ref spec-link="REC-03-CGM-IC.html#webcgm_3_1_2_4">3.1.2.4.p2</spec-ref>
            </spec-refs>
            <ta-statement>If the objbehavior value is highlight, the viewer shall
highlight the first object selected and ignore the ViewContext
attribute, if present</ta-statement>
         </ta>
         <ta ta-id="objbehav-highlight-all">
            <spec-refs>
               <spec-ref spec-link="REC-03-CGM-IC.html#webcgm_3_1_2_4">3.1.2.4.p3</spec-ref>
            </spec-refs>
            <ta-statement>If the objbehavior value is highlight_all, the viewer shall
highlight all objects selected.</ta-statement>
         </ta>
         <ta ta-id="zoom-and-pan">
            <spec-refs>
               <spec-ref spec-link="REC-03-CGM-IC.html#webcgm_3_1_2_5">3.1.2.5</spec-ref>
            </spec-refs>
            <ta-statement>viewers which operate in an interaction-capable environment
shall have zoom and pan controls available to the user. </ta-statement>
         </ta>
      </ta-set>
   </ta-category>
   <ta-category>
      <category-title>'grobject' and Attributes</category-title>
      <category-subtitle>
 (Attributes: region, viewcontext, linkURI, screentip, name)</category-subtitle>
      <ta-set>
         <ta ta-id="grobject-content-model">
            <spec-refs>
               <spec-ref spec-link="REC-03-CGM-IC.html#webcgm_3_2_1_1">3.2.1.1.p1.s3</spec-ref>
               <spec-ref spec-link="REC-03-CGM-IC.html#webcgm_3_3">3.3</spec-ref>
            </spec-refs>
            <ta-statement>'Grobject' APSs may contain any CGM graphical content allowed
by this profile, may contain the other APSs of type grobject and
para, and may contain APS attributes region, viewcontext, linkURI,
screentip, and name.</ta-statement>
         </ta>
         <ta ta-id="grobject-pick-identify">
            <spec-refs>
               <spec-ref spec-link="REC-03-CGM-IC.html#webcgm_3_2_1_1">3.2.1.1.p1.s2</spec-ref>
            </spec-refs>
            <ta-statement>The [grobject] object is geometrically identified for pick purposes
either by the set of primitives enclosed between the BEGIN APS and
END APS elements (if any), or by the spatial region associated with
the 'region' APS Attribute (if present).</ta-statement>
         </ta>
         <ta ta-id="pick-link-noregion">
            <spec-refs>
               <spec-ref spec-link="REC-03-CGM-IC.html#webcgm_3_2_1_1">3.2.1.1.p2.li1.s1</spec-ref>
            </spec-refs>
            <ta-statement>[Viewer pick behavior] If the object contains at least one 'linkuri' 
attribute but no 'region' attribute, 
then the object is selected by a click anywhere on the drawn 
primitives of the object [and the viewer shall execute the link]</ta-statement>
         </ta>
         <ta ta-id="pick-fill-primitive">
            <spec-refs>
               <spec-ref spec-link="REC-03-CGM-IC.html#webcgm_3_2_1_1">3.2.1.1.p2.li1.s2</spec-ref>
            </spec-refs>
            <ta-statement>[Viewer pick behavior] for filled-area primitives this ["click anywhere on
the drawn primitives"] includes: the edge, if edge visibility is 'on'; 
the interior, if the interior style is other than 'empty' or 'hollow'; 
and, the boundary, for interior 
style 'hollow'</ta-statement>
         </ta>
         <ta ta-id="pick-obj-noprimitives">
            <spec-refs>
               <spec-ref spec-link="REC-03-CGM-IC.html#webcgm_3_2_1_1">3.2.1.1.p2.li2.s2</spec-ref>
               <spec-ref spec-link="REC-03-CGM-IC.html#webcgm_3_2_2_3">3.2.2.3.p1</spec-ref>
            </spec-refs>
            <ta-statement>[Viewer pick behavior] If the  
object [contains at least 1 linkuri and no region and] does not contain 
any graphical primitives no further action is required.  
[TA footnote: non-action is not explicitly mandated.]</ta-statement>
         </ta>
         <ta ta-id="pick-obj-multi-link">
            <spec-refs>
               <spec-ref spec-link="REC-03-CGM-IC.html#webcgm_3_2_1_1">3.2.1.1.p2.li2.s3</spec-ref>
               <spec-ref spec-link="REC-03-CGM-IC.html#webcgm_3_2_2_3">3.2.2.3.p1</spec-ref>
            </spec-refs>
            <ta-statement>[Viewer pick behavior] If the object [contains no region, 
and visible graphical primitives and] contains 
more than one 'linkuri' attribute, 
the user shall be given a choice of which URI to navigate
[if a successful pick occurs].</ta-statement>
         </ta>
         <ta ta-id="pick-link-region">
            <spec-refs>
               <spec-ref spec-link="REC-03-CGM-IC.html#webcgm_3_2_1_1">3.2.1.1.p2.li3.s1</spec-ref>
            </spec-refs>
            <ta-statement>[Viewer pick behavior] If the object contains a 'region' attribute and contains at 
least one 'linkuri' attribute, then the 'region' shall be used for selection.
[Can be picked regardless whether it contains no graphical primitives.] </ta-statement>
         </ta>
         <ta ta-id="pick-multi-link-region">
            <spec-refs>
               <spec-ref spec-link="REC-03-CGM-IC.html#webcgm_3_2_1_1">3.2.1.1.p2.li3.s2</spec-ref>
            </spec-refs>
            <ta-statement>[Viewer pick behavior] If the object [contains a 'region' attribute and] contains more 
than one 'linkuri' attribute, [then the 'region' shall be used for selection and] 
the user shall be given a choice of which URI to navigate [in the case
of a successful pick.]  [Can be picked regardless whether it 
contains no graphical primitives.] </ta-statement>
         </ta>
         <ta ta-id="pick-nolink-region">
            <spec-refs>
               <spec-ref spec-link="REC-03-CGM-IC.html#webcgm_3_2_1_1">3.2.1.1.p2.li3.s1</spec-ref>
            </spec-refs>
            <ta-statement>If the object contains a 'region' attribute 
but no 'linkuri' attributes no further action is required [in
the case of a successful pick].
[TA footnote: non-action is not explicitly mandated.] </ta-statement>
         </ta>
         <ta ta-id="N498-obsolete">
            <spec-refs>
               <spec-ref>

               </spec-ref>
            </spec-refs>
            <ta-statement>Viewer pick behavior. If the object contains visible graphical
primitives, no 'region' attribute, and more than one LinkURI
attribute, a click on non-transparent areas of the graphical
elements of the object selects the object, and the viewer shall
give the user a choice of which URI to navigate, and shall cause
the selected link to be navigated.</ta-statement>
         </ta>
         <ta ta-id="N515-obsolete">
            <spec-refs>
               <spec-ref>

               </spec-ref>
            </spec-refs>
            <ta-statement>Viewer pick behavior. If the object contains a 'region'
attribute and contains one LinkURI attribute, the object is
selected by a user click within the 'region', and the viewer shall
cause the link to be navigated.</ta-statement>
         </ta>
         <ta ta-id="N534-obsolete">
            <spec-refs>
               <spec-ref>

               </spec-ref>
            </spec-refs>
            <ta-statement>Viewer pick behavior. If the object contains a 'region'
attribute and contains more than one LinkURI attribute, the object
is selected by a user click within the 'region', and the viewer
shall give the user a choice of which link to navigate, and the
viewer shall cause the selected link to be navigated.</ta-statement>
         </ta>
         <ta ta-id="N553-obsolete">
            <spec-refs>
               <spec-ref spec-link="REC-03-CGM-IC.html#webcgm_3_2_1_1">3.2.1.1.p2.n4</spec-ref>
               <spec-ref>3.2.2.1.s1</spec-ref>
            </spec-refs>
            <ta-statement>Viewer pick behavior. If the object contains a 'region'
attribute but no LinkURI attributes, then no viewer action is
required upon user click. [Spec, note: non-action is not explicitly
mandated.]</ta-statement>
         </ta>
         <ta ta-id="pick-multi-aps">
            <spec-refs>
               <spec-ref spec-link="REC-03-CGM-IC.html#webcgm_3_2_1_1">3.2.1.1.p3.li6</spec-ref>
            </spec-refs>
            <ta-statement>[Viewer pick behavior] If the pick has selected more than one
APS (and each contains a linkURI), and the APSs are not nested,
then the APS with the highest pick priority is the one whose
picking region (geometry or 'region' attribute) occurs latest in
the picture.</ta-statement>
         </ta>
         <ta ta-id="pick-multi-aps-nested">
            <spec-refs>
               <spec-ref spec-link="REC-03-CGM-IC.html#webcgm_3_2_1_1">3.2.1.1.p3.li7</spec-ref>
            </spec-refs>
            <ta-statement>[Viewer pick behavior] If a user pick has selected more than one
APS (and each contains a linkURI), and the APSs are nested, the
user shall be given a choice of which URI to negotiate</ta-statement>
         </ta>
         <ta ta-id="pick-visual-feedback">
            <spec-refs>
               <spec-ref spec-link="REC-03-CGM-IC.html#webcgm_3_2_1_1">3.2.1.1.p4.s1</spec-ref>
            </spec-refs>
            <ta-statement>[Viewer pick behavior] Viewers shall give visual feedback to the
user that a successful pick has occurred, and an indication of the
particular object (or region) which has been picked.</ta-statement>
         </ta>
         <ta ta-id="aps-target-viewcontext">
            <spec-refs>
               <spec-ref spec-link="REC-03-CGM-IC.html#webcgm_3_2_1_1">3.2.1.1.p5.bl1</spec-ref>
            </spec-refs>
            <ta-statement>[If an APS is the target of a link, either from within the
picture or from content external to the picture, and] if the object
contains a 'viewcontext' attribute, the viewer shall fit the view
context into the viewer's display rectangle and create a new
display inside this rectangle. [if behavior is view_context]</ta-statement>
         </ta>
         <ta ta-id="aps-target-novc-region">
            <spec-refs>
               <spec-ref spec-link="REC-03-CGM-IC.html#webcgm_3_2_1_1">3.2.1.1.p5.b2</spec-ref>
            </spec-refs>
            <ta-statement>[If an APS is the target of a link, either from within the
picture or from content external to the picture, and] if the object
does not contain a 'viewcontext' attribute, but contains a 'region'
attribute, the viewer shall move the object into view and indicate
visually that the region is the target of the link. The resulting 
view is a full-picture view, not a zoomed view. </ta-statement>
         </ta>
         <ta ta-id="aps-target-novc-noregion">
            <spec-refs>
               <spec-ref spec-link="REC-03-CGM-IC.html#webcgm_3_2_1_1">3.2.1.1.p5.b3</spec-ref>
            </spec-refs>
            <ta-statement>[If an APS is the target of a link, either from within the
picture or from content external to the picture, and] if the object
contains neither a view context nor a region attribute, the viewer
shall move the object into view and indicate visually that the
graphical primitives of the grobject are the target of the
link.  The resulting view is a full-picture view, not a zoomed view.</ta-statement>
         </ta>
         <ta ta-id="simple-regions-defn">
            <spec-refs>
               <spec-ref spec-link="REC-03-CGM-IC.html#webcgm_3_2_2_1">3.2.2.1.p1.s2</spec-ref>
            </spec-refs>
            <ta-statement>Simple regions of type rectangle, ellipse, polygon, and
continuous polybezier can be defined [with the 'region' APS
attribute (per SDR syntax of 3.2.2.1)]</ta-statement>
         </ta>
         <ta ta-id="complex-regions">
            <spec-refs>
               <spec-ref spec-link="REC-03-CGM-IC.html#webcgm_3_2_2_1">3.2.2.1.p1.s3</spec-ref>
            </spec-refs>
            <ta-statement>Complex regions which comprise a collection of simple regions
can be defined [with the 'region' APS attribute (per SDR syntax of
3.2.2.1).] Their semantics (subregions, and interior/exterior
definition) are identical to those of the CGM element CLOSED
FIGURE.</ta-statement>
         </ta>
         <ta ta-id="implicit-region-closure">
            <spec-refs>
               <spec-ref spec-link="REC-03-CGM-IC.html#webcgm_3_2_2_1">3.2.2.1.p4</spec-ref>
            </spec-refs>
            <ta-statement>For polygon and polybezier regions, closure is implicit (if the
last given point does not match the first, then the viewer closes
the region with a straight line segment from the last to the
first).</ta-statement>
         </ta>
         <ta ta-id="multi-simple-regions">
            <spec-refs>
               <spec-ref spec-link="REC-03-CGM-IC.html#webcgm_3_2_2_1">3.2.2.1.p4</spec-ref>
            </spec-refs>
            <ta-statement>In the case that there are multiple simple regions, m&gt;1, 
then the individual simple regions each correspond to a REGION in the
sense of the CGM CLOSED FIGURE element.
</ta-statement>
         </ta>
         <ta ta-id="viewcontext-aps-attr">
            <spec-refs>
               <spec-ref spec-link="REC-03-CGM-IC.html#webcgm_3_2_2_2">3.2.2.2.p1.s1</spec-ref>
            </spec-refs>
            <ta-statement>The 'ViewContext' APS Attribute provides specification to
viewers of the initial view of an object, when the viewer has been
directed to navigate to the graphical object which contains this
attribute.</ta-statement>
         </ta>
         <ta ta-id="viewcontext-empty-aps">
            <spec-refs>
               <spec-ref spec-link="REC-03-CGM-IC.html#webcgm_3_2_2_2">3.2.2.2.p1.s2</spec-ref>
            </spec-refs>
            <ta-statement>A 'ViewContext' APS Attribute may be contained within an
otherwise empty APS, in which case the APS provides only a viewport
specification.</ta-statement>
         </ta>
         <ta ta-id="linkuri-destination-param">
            <spec-refs>
               <spec-ref spec-link="REC-03-CGM-IC.html#webcgm_3_2_2_3">3.2.2.3.p2.s2</spec-ref>
               <spec-ref spec-link="REC-03-CGM-IC.html#webcgm_3_2_2_3">3.2.2.3.p3.s1</spec-ref>
            </spec-refs>
            <ta-statement>[of the three strings in linkuri parameter] 
The first string is the link destination, a URI [...]
The destination of a link is specified by a Uniform Resource Identifier,
or URI.</ta-statement>
         </ta>
         <ta ta-id="linkuri-destination-anyuri">
            <spec-refs>
               <spec-ref spec-link="REC-03-CGM-IC.html#webcgm_3_2_2_3">3.2.2.3.p2.s2</spec-ref>
               <spec-ref spec-link="REC-03-CGM-IC.html#webcgm_3_2_2_3">3.2.2.3.p3.s1</spec-ref>
            </spec-refs>
            <ta-statement>[For the linkuri first sub-parameter] 
Any valid URL under the specifications of RFC-2396 is a valid value of
this parameter.</ta-statement>
         </ta>
         <ta ta-id="linkuri-title-param">
            <spec-refs>
               <spec-ref spec-link="REC-03-CGM-IC.html#webcgm_3_2_2_3">3.2.2.3.p2.s2</spec-ref>
               <spec-ref spec-link="REC-03-CGM-IC.html#webcgm_3_2_2_3">3.2.2.3.p3.s1</spec-ref>
            </spec-refs>
            <ta-statement>[of the three strings in linkuri parameter] 
the second string (possibly null) is a Link Title parameter, [...]</ta-statement>
         </ta>
         <ta ta-id="linkuri-behavior-noncgm">
            <spec-refs>
               <spec-ref spec-link="REC-03-CGM-IC.html#webcgm_3_2_2_3">3.2.2.3.p2</spec-ref>
               <spec-ref spec-link="REC-03-CGM-IC.html#webcgm_3_2_2_3">3.2.2.3.p4</spec-ref>
            </spec-refs>
            <ta-statement>[of the three strings in linkuri parameter] the third string is 
(possibly null) the Behavior [...]
The Behavior string defines picture behavior associated with the link. 
The values and meanings are as defined in 3.1.2.2. 
In cases that the destination is not CGM media type, the 3rd parameter, Behavior, 
shall be used if picture behavior is to be specified for the
link (there is no other option).</ta-statement>
         </ta>
         <ta ta-id="linkuri-behavior-cgm">
            <spec-refs>
               <spec-ref spec-link="REC-03-CGM-IC.html#webcgm_3_2_2_3">3.2.2.3.p2</spec-ref>
               <spec-ref spec-link="REC-03-CGM-IC.html#webcgm_3_2_2_3">3.2.2.3.p4.s4</spec-ref>
            </spec-refs>
            <ta-statement>[of the three strings in linkuri parameter] the third string is 
(possibly null) the Behavior [...]
The Behavior string defines picture behavior associated with the link. 
The values and meanings are as defined in 3.1.2.2. 
[...]The Behavior string may also be used for links to CGM 
media types, and is the preferred method.</ta-statement>
         </ta>
         <ta ta-id="screentip-apsattr">
            <spec-refs>
               <spec-ref spec-link="REC-03-CGM-IC.html#webcgm_3_2_2_6">3.2.2.6.p1</spec-ref>
            </spec-refs>
            <ta-statement>A 'ScreenTip' APS Attribute may occur [...] within any APS of
type 'grobject', 'para', 'subpara', and there shall be at most one occurrence within any
particular APS.</ta-statement>
         </ta>
         <ta ta-id="screentip-display">
            <spec-refs>
               <spec-ref spec-link="REC-03-CGM-IC.html#webcgm_3_2_2_6">3.2.2.6.p3</spec-ref>
            </spec-refs>
            <ta-statement>Viewers shall be capable of displaying the screen tip, if one
is defined for a graphical object, visible to the user when the
cursor passes over the graphical object, in the common style of Web
browsers.</ta-statement>
         </ta>
         <ta ta-id="name-apsattr">
            <spec-refs>
               <spec-ref spec-link="REC-03-CGM-IC.html#webcgm_3_2_2_7">3.2.2.7.p1.s1</spec-ref>
            </spec-refs>
            <ta-statement>The 'name' APS Attribute defines a "common name", not
necessarily unique, associated with an object. </ta-statement>
         </ta>
         <ta ta-id="name-multiple">
            <spec-refs>
               <spec-ref spec-link="REC-03-CGM-IC.html#webcgm_3_2_2_7">3.2.2.7.p1.s4</spec-ref>
            </spec-refs>
            <ta-statement>Multiple 'name' attributes may be contained within a single APS. </ta-statement>
         </ta>
         <ta ta-id="name-viewer">
            <spec-refs>
               <spec-ref spec-link="REC-03-CGM-IC.html#webcgm_3_2_2_7">3.2.2.7.p3.s3</spec-ref>
            </spec-refs>
            <ta-statement>The object can optionally be addressed by the value of the 'name' attribute.
</ta-statement>
         </ta>
      </ta-set>
   </ta-category>
   <ta-category>
      <category-title>'layer' and Attributes</category-title>
      <category-subtitle>
 (attributes: layername, layerdescription)</category-subtitle>
      <ta-set>
         <ta ta-id="layer-aps-definition">
            <spec-refs>
               <spec-ref spec-link="REC-03-CGM-IC.html#webcgm_3_2_1_2">3.2.1.2.p1.s1</spec-ref>
            </spec-refs>
            <ta-statement>'layer' APS declares that the graphical content within this APS
and any valid nested APS ('grobject' and 'para', but not 'layer')
belong to the layer identified by the contained 'layername' APS
attribute.</ta-statement>
         </ta>
         <ta ta-id="layer-attribute-rqts">
            <spec-refs>
               <spec-ref spec-link="REC-03-CGM-IC.html#webcgm_3_2_1_2">3.2.1.2.p1.s2</spec-ref>
            </spec-refs>
            <ta-statement>Each 'layer' APS shall contain exactly one 'layername' APS
attribute and also may contain one 'layerdesc' APS
attribute.</ta-statement>
         </ta>
         <ta ta-id="viewer-inform-layer">
            <spec-refs>
               <spec-ref spec-link="REC-03-CGM-IC.html#webcgm_3_2_1_2">3.2.1.2.p2.s1</spec-ref>
            </spec-refs>
            <ta-statement>Viewers shall provide functionality to inform users of the
presence of layers, their names and descriptions.</ta-statement>
         </ta>
         <ta ta-id="toggle-layer-visibility">
            <spec-refs>
               <spec-ref spec-link="REC-03-CGM-IC.html#webcgm_3_2_1_2">3.2.1.2.p2.s2</spec-ref>
            </spec-refs>
            <ta-statement>Viewers shall provide functionality to selectively turn on and
off the visibility of layers.</ta-statement>
         </ta>
         <ta ta-id="layer-view-options">
            <spec-refs>
               <spec-ref spec-link="REC-03-CGM-IC.html#webcgm_3_2_1_2">3.2.1.2.p2.s3</spec-ref>
            </spec-refs>
            <ta-statement>Viewer may, but are not required to, provide additional
functionality for the view manipulation and browsing of
layers.</ta-statement>
         </ta>
      </ta-set>
   </ta-category>
   <ta-category>
      <category-title>'para' and Attributes</category-title>
      <category-subtitle>
 (Attributes: region, viewcontext, linkuri, screentip,
content)</category-subtitle>
      <ta-set>
         <ta ta-id="para-content-model">
            <spec-refs>
               <spec-ref spec-link="REC-03-CGM-IC.html#webcgm_3_2_1_3">3.2.1.3.p1.s3</spec-ref>
               <spec-ref spec-link="REC-03-CGM-IC.html#webcgm_3_3">3.3</spec-ref>
            </spec-refs>
            <ta-statement>'Para' APSs may contain any CGM graphical content allowed by
this profile, may contain 'subpara' APS, and may contain APS
attributes, region, viewcontext, linkuri, screentip, and
content. [sec 3.3, normative content model]</ta-statement>
         </ta>
         <ta ta-id="para-search-priority">
            <spec-refs>
               <spec-ref spec-link="REC-03-CGM-IC.html#webcgm_3_2_1_3">3.2.1.3.p2</spec-ref>
               <spec-ref spec-link="REC-03-CGM-IC.html#webcgm_3_2_2_8">3.2.2.8.p1.s1</spec-ref>
            </spec-refs>
            <ta-statement>[If viewers support searching,] search-match priority shall be:
'para' with matching 'content' (1st priority match); 'para' without
'content' but with recognizable single-element RESTRICTED TEXT
match (2nd priority match); or, single-element RESTRICTED TEXT
match, outside of any 'para' (3rd priority match).</ta-statement>
         </ta>
         <ta ta-id="para-viewer-rqts-set">
            <spec-refs>
               <spec-ref spec-link="REC-03-CGM-IC.html#webcgm_3_2_1_3">3.2.1.3.p3</spec-ref>
            </spec-refs>
            <ta-statement>In other respects, e.g., picking and link navigation, 
the viewer behavior of 'para' is identical to that of 'grobject'. [See
3.2.1.1.]
 [NOTE: This statement causes
inclusion here, for 'para', of all of the TRs for 'grobject',
except for the first, which is the Content Model, and except for
the last, that para's are not addressable by 'name' APS
attribute.]</ta-statement>
         </ta>
      </ta-set>
   </ta-category>
   <ta-category>
      <category-title>'subpara' and Attributes</category-title>
      <category-subtitle>
 (Attributes: region, viewcontext, linkURI, screentip,
content)</category-subtitle>
      <ta-set>
         <ta ta-id="subpara-content-model">
            <spec-refs>
               <spec-ref spec-link="REC-03-CGM-IC.html#webcgm_3_2_1_4">3.2.1.4.p2.s1</spec-ref>
               <spec-ref spec-link="REC-03-CGM-IC.html#webcgm_3_3">3.3</spec-ref>
            </spec-refs>
            <ta-statement>'Subpara' APSs may contain any CGM graphical content allowed by
this profile, may not contain any nested APS, and may contain APS
attributes, region, viewcontext, linkuri, screentip, and
content.</ta-statement>
         </ta>
         <ta ta-id="subpara-viewer-rqts-set">
            <spec-refs>
               <spec-ref spec-link="REC-03-CGM-IC.html#webcgm_3_2_1_4">3.2.1.4.p2</spec-ref>
               <spec-ref spec-link="REC-03-CGM-IC.html#webcgm_3_2_1_3">3.2.1.3.p2</spec-ref>
               <spec-ref spec-link="REC-03-CGM-IC.html#webcgm_3_2_2_8">3.2.2.8.p1.s1</spec-ref>
            </spec-refs>
            <ta-statement>Viewer behavior. See ... 'para'. 
[This statement causes inclusion here, for 'subpara', of all of the TAs
for 'para', which are all the TAs for 'grobject', 
except for the first, which is the Content Model,
and except for the last, that subpara's are not addressable by
'name' APS attribute.]</ta-statement>
         </ta>
         <ta ta-id="subpara-search-priority">
            <spec-refs>
               <spec-ref spec-link="REC-03-CGM-IC.html#webcgm_3_2_1_4">3.2.1.4.p2</spec-ref>
               <spec-ref spec-link="REC-03-CGM-IC.html#webcgm_3_2_1_3">3.2.1.3.p2</spec-ref>
            </spec-refs>
            <ta-statement>Viewer behavior. See ... 'para'. 
[This statement causes inclusion 
here, for 'subpara', of the single TA
for 'para' search priority, 'para-search-priority'.]</ta-statement>
         </ta>
      </ta-set>
   </ta-category>
   <ta-category>
      <category-title>General/Miscellaneous</category-title>
      <ta-set>
         <ta ta-id="OBJECT tag">
            <spec-refs>
               <spec-ref spec-link="REC-03-CGM-IC.html#webcgm_3_2_1">3.2.1.p1.s1</spec-ref>
               <spec-ref spec-link="REC-03-CGM-IC.html#webcgm_3_2_2_9">3.2.2.9.p1.s1</spec-ref>
            </spec-refs>
            <ta-statement>APS types 'grobject', 'layer', 'para', 'subpara' shall be
supported by viewers. No other APS types are allowed in
WebCGM.</ta-statement>
         </ta>
      </ta-set>
   </ta-category>
   <ta-category>
      <category-title>OBJECT tag</category-title>
      <ta-set>
         <ta ta-id="object-tag-rqts">
            <spec-refs>
               <spec-ref spec-link="REC-03-CGM-IC.html#webcgm_3_4">3.4</spec-ref>
            </spec-refs>
            <ta-statement>There are some TAs for OBJECT tag, sec 3.4.</ta-statement>
         </ta>
      </ta-set>
   </ta-category>
</ta-extraction>
